"ID","MUNID","ARRID","CATEG","SOUSCATEG","NOM","NO_CIV","GENERIQUE","SPECIFIQUE","EMPLACEMENT","Étage","Bureau","Ville","Code postal","Site internet","Téléphone","Poste","Latitude ","Longitude"
37,66023,"REM19","Santé et sécurité publique","Casernes de pompiers","Caserne 19",2000,"avenue","De Lorimier","2000 avenue De Lorimier",,,"Montréal","H2K 4N9","http://ville.montreal.qc.ca/portal/page?_pageid=467710167591&_dad=portal&_schema=PORTAL",911,,"45.528018","-73.557898"
14,66023,"REM19","Lieux et bâtiments d'intérêt","Lieux récréatifs","Centre Bell",1909,"avenue","des Canadiens-de-Montréal","1909 avenue des Canadiens-de-Montréal",,,"Montréal","H4B 5G0","http://www.centrebell.ca","514 932-2582",,"45.496309","-73.569862"
21,66023,"REM19","Lieux et bâtiments d'intérêt","Lieux récréatifs","Stade Percival-Molson",475,"avenue","des Pins Ouest","475 avenue des Pins Ouest",,,"Montréal","H2W 1S4","http://fr.montrealalouettes.com/page/stade-percival-molson_102967","514 787-2500",,"45.51014","-73.580707"
40,66023,"REM19","Santé et sécurité publique","Casernes de pompiers","Quartier général du Service de sécurité incendie de Montréal",4040,"avenue","du Parc","4040 avenue du Parc",,,"Montréal","H2W 1S8","http://ville.montreal.qc.ca/portal/page?_pageid=4677,10107569&_dad=portal&_schema=PORTAL",,,"45.512550","-73.583754"
44,66023,"REM19","Santé et sécurité publique","Postes de police de quartier","Poste de quartier 22",1200,"avenue","Papineau","1200 avenue Papineau",,,"Montréal","H2K 4R5","http://www.spvm.qc.ca/fr/pdq22/","514 280-0122",,"45.521635","-73.550833"
5,66023,"REM19","Arts et culture","Bibliothèques","Centre d’archives de Montréal",535,"avenue","Viger Est","535 avenue Viger Est",,,"Montréal","H2L 2P3","http://www.banq.qc.ca/a_propos_banq/informations_pratiques/centres_archives/index.html","514 873-1100",,"45.513233","-73.554764"
80,66023,"REM19","Sports et loisirs","Centres communautaires et de loisirs","Union française de Montréal",429,"avenue","Viger Est","429 avenue Viger Est",,,"Montréal","H2L 2N9","http://unionfrancaise.ca/public/","514 845-5195",,"45.512290","-73.555389"
96,66023,"REM19","Sports et loisirs","Jardins aménagés","Jardin Biodiversité et pollinisateurs",2001,"boulevard","De Maisonneuve Est","2001 boulevard De Maisonneuve Est",,,"Montréal",,"http://www.sentierurbain.org/index.html","514 521-9292 ",,"45.525191","-73.551990"
24,66023,"REM19","Ressources","Services municipaux","Bureau d’arrondissement de Ville-Marie",800,"boulevard","De Maisonneuve Est","800 boulevard De Maisonneuve Est","17e étage",,"Montréal","H2L 4L8","http://ville.montreal.qc.ca/portal/page?_pageid=7317,84222189&_dad=portal&_schema=PORTAL",311,,"45.516196","-73.559982"
25,66023,"REM19","Ressources","Services municipaux","Bureau Accès Montréal (Place Dupuis)",800,"boulevard","De Maisonneuve Est","800 boulevard De Maisonneuve Est","17e étage",,"Montréal","H2L 4L9","http://ville.montreal.qc.ca/portal/page?_pageid=7317,84222189&_dad=portal&_schema=PORTAL",311,,"45.516196","-73.559982"
27,66023,"REM19","Ressources","Services municipaux","Comptoir des permis",800,"boulevard","De Maisonneuve Est","800 boulevard De Maisonneuve Est","17e étage",,"Montréal","H2L 4L9","http://ville.montreal.qc.ca/portal/page?_pageid=7317,84222189&_dad=portal&_schema=PORTAL",311,,"45.516196","-73.559982"
6,66023,"REM19","Arts et culture","Bibliothèques","Grande Bibliothèque",475,"boulevard","De Maisonneuve Est","475 boulevard De Maisonneuve Est",,,"Montréal","H2L 5C4","http://www.banq.qc.ca/a_propos_banq/informations_pratiques/grande_bibliotheque/index.html","514 873-1100",,"45.515299","-73.561716"
82,66023,"REM19","Sports et loisirs","Centres communautaires et de loisirs","Y des femmes de Montréal",1355,"boulevard","René-Lévesque Ouest","1355 boulevard René-Lévesque Ouest",,,"Montréal","H3G 1T3","http://www.ydesfemmesmtl.org/","514 86-9941",,"45.496103","-73.573101"
83,66023,"REM19","Sports et loisirs","Centres communautaires et de loisirs","YMCA Guy-Favreau",200,"boulevard","René-Lévesque Ouest","200 boulevard René-Lévesque Ouest",,,"Montréal","H2Z 1X4","http://www.yquebec.org/fr/centre/survol/centre-y-guy-favreau/3/","514 845-4277",,"45.506794","-73.562646"
213,66023,"REM19","Sports et loisirs","Piscines intérieures","Piscine du YMCA Guy-Favreau",200,"boulevard","René-Lévesque Ouest","200 boulevard René-Lévesque Ouest",,,"Montréal","H2Z 1X4","http://www.ymcaquebec.org/fr/centre/installations/centre-y-guy-favreau/3/","514 845-4277",,"45.506794","-73.562646"
64,66023,"REM19","Sports et loisirs","Centres communautaires et de loisirs","Centre d’amitié autochtone de Montréal ",2001,"boulevard","Saint-Laurent","2001 boulevard Saint-Laurent",,,"Montréal","H2X 2T3","http://nfcm.org/fran/accueil/","514 499-1854",,"45.511558","-73.566822"
34,66023,"REM19","Santé et sécurité publique","Casernes de pompiers","Caserne 2 (service saisonnier)",10,"chemin","du Tour-de-l'Isle","10 chemin du Tour-de-l'Isle",,,"Montréal","H3C 0K7","http://ville.montreal.qc.ca/portal/page?_pageid=4677,10167591&_dad=portal&_schema=PORTAL",911,,"45.520316","-73.535241"
17,66023,"REM19","Lieux et bâtiments d'intérêt","Lieux récréatifs","La Ronde",22,"chemin","Macdonald","22 chemin Macdonald",,,"Montréal","H3C 6A3","http://laronde.com/","514 397-2000",,"45.522052","-73.535029"
50,66023,"REM19","Sports et loisirs","Aréna et patinoires","Patinoire du lac aux Castors",2000,"chemin","Remembrance","2000 chemin Remembrance",,,"Montréal",,"http://ville.montreal.qc.ca/portal/page?_pageid=5798,94909650&_dad=portal&_schema=PORTAL#vma",311,,"45.498760","-73.597562"
18,66023,"REM19","Lieux et bâtiments d'intérêt","Lieux récréatifs","Parc du Mont-Royal",1260,"chemin","Remembrance","1260 chemin Remembrance",,,"Montréal",,"http://ville.montreal.qc.ca/portal/page?_pageid=7317,84222189&_dad=portal&_schema=PORTAL",311,,"45.501692","-73.593024"
133,66023,"REM19","Sports et loisirs","Parcs","Parc du Mont-Royal",1260,"chemin","Remembrance","1260 chemin Remembrance",,,"Montréal",,"http://ville.montreal.qc.ca/portal/page?_pageid=7317,78925669&_dad=portal&_schema=PORTAL",311,,"45.502955","-73.589179"
9,66023,"REM19","Arts et culture","Musées et galeries d'art","Centre d’histoire de Montréal",335,"place","D'Youville","335 place D'Youville",,,"Montréal","H2Y 3T1","http://ville.montreal.qc.ca/portal/page?_pageid=8757,97305573&_dad=portal&_schema=PORTAL","514 872-3207",,"45.501035","-73.555436"
11,66023,"REM19","Arts et culture","Musées et galeries d'art","Pointe-à-Callière, musée d’archéologie et d’histoire de Montréal",300,"place","Royale","300 place Royale",,,"Montréal","H2Y 3Y5","http://pacmusee.qc.ca/fr/accueil","514 872-9150",,"45.502752","-73.554028"
59,66023,"REM19","Sports et loisirs","Centres communautaires et de loisirs","Centre Alexandre-DeSève",2040,"rue","Alexandre-DeSève","2040 rue Alexandre-DeSève",,,"Montréal","H2L 2W4","http://ville.montreal.qc.ca/portal/page?_pageid=7317,78921580&_dad=portal&_schema=PORTAL","514 872-2928",,"45.524585","-73.561197"
74,66023,"REM19","Sports et loisirs","Centres communautaires et de loisirs","Projet 80",2040,"rue","Alexandre-DeSève","2040 rue Alexandre-DeSève",,,"Montréal","H2L 2W4","http://www.projet80.org/","514 525-4233",,"45.524585","-73.561197"
78,66023,"REM19","Sports et loisirs","Centres communautaires et de loisirs","Service des loisirs Sacré-Coeur",2040,"rue","Alexandre-DeSève","2040 rue Alexandre-DeSève",,,"Montréal","H2L 2W4","http://loisirssacrecoeur.org/","514 872-2928",,"45.524585","-73.561197"
56,66023,"REM19","Sports et loisirs","Centres communautaires et de loisirs","Association Les Chemins du Soleil",1155,"rue","Alexandre-DeSève","1155 rue Alexandre-DeSève",,,"Montréal","H2L 2T7","http://www.lescheminsdusoleil.org","514 528-9991",,"45.520167","-73.551447"
62,66023,"REM19","Sports et loisirs","Centres communautaires et de loisirs","Centre communautaire des loisirs Sainte-Catherine-d’Alexandrie",1700,"rue","Amherst","1700 rue Amherst",,,"Montréal","H2L 3L5","http://cclsca.qc.ca/","514 524-6626",,"45.518773","-73.560269"
76,66023,"REM19","Sports et loisirs","Centres communautaires et de loisirs","Sans oublier le sourire",1700,"rue","Amherst","1700 rue Amherst",,,"Montréal","H2L 3L5","http://www.sansoublierlesourire.org/Sans_Oublier_le_Sourire/Bienvenue.html","514 524-6626",,"45.518773","-73.560269"
99,66023,"REM19","Sports et loisirs","Jardins aménagés","Jardin Plantes médicinales ",2220,"rue","Beaudry","2220 rue Beaudry",,,"Montréal",,"http://www.sentierurbain.org/index.html","514 521-9292 ",,"45.522616","-73.564567"
68,66023,"REM19","Sports et loisirs","Centres communautaires et de loisirs","Comité social du Centre-Sud",1710,"rue","Beaudry","1710 rue Beaudry",,,"Montréal","H2L 3E7","http://www.comitesocialcentresud.org/","514 596-7092",,"45.520361","-73.559488"
60,66023,"REM19","Sports et loisirs","Centres communautaires et de loisirs","Centre communautaire et culturel chinois de Montréal",1088,"rue","Clark","1088 rue Clark",,300,"Montréal","H2Z 1K2","http://fr.ccccmontreal.com/","514 788-8986",,"45.507869","-73.560820"
77,66023,"REM19","Sports et loisirs","Centres communautaires et de loisirs","Service à la famille chinoise du Grand Montréal",987,"rue","Côté","987 rue Côté","4e étage",,"Montréal","H2Z 1L1","http://www.famillechinoise.qc.ca/","514 861-9008",,"45.506053","-73.560758"
48,66023,"REM19","Sports et loisirs","Aréna et patinoires","Atrium Le 1000",1000,"rue","De La Gauchetière Ouest","1000 rue De La Gauchetière Ouest",,,"Montréal","H3B 4W5","http://www.le1000.com/","514 395-0555",,"45.498694","-73.566640"
2,66023,"REM19","Arts et culture","Bibliothèques","Bibliothèque Père-Ambroise",2093,"rue","de la Visitation","2093 rue de la Visitation","3e étage",,"Montréal","H2L 3C9","http://ville.montreal.qc.ca/portal/page?_pageid=7317,102117731&_dad=portal&_schema=PORTAL","514 872-1633",,"45.522887","-73.562879"
57,66023,"REM19","Sports et loisirs","Centres communautaires et de loisirs","Association sportive et communautaire du Centre-Sud",2093,"rue","de la Visitation","2093 rue de la Visitation",,,"Montréal","H2L 3C9","http://asccs.qc.ca/","514 522-2246",,"45.522828","-73.562815"
210,66023,"REM19","Sports et loisirs","Piscines intérieures","Piscine de l’Association sportive et communautaire du Centre Sud",2093,"rue","de la Visitation","2093 rue de la Visitation",,,"Montréal","H2L 3C9","http://asccs.qc.ca/services/piscine","514 522-2246",,"45.522828","-73.562815"
31,66023,"REM19","Ressources","Services municipaux","Éco-quartier de Saint-Jacques",2022,"rue","de la Visitation","2022 rue de la Visitation",,,"Montréal","H2L 3C7","http://asccs.qc.ca/eco-quartier-st-jacques","514 522-4053",,"45.522413","-73.562243"
33,66023,"REM19","Ressources","Services municipaux","Tandem Ville-Marie",2022,"rue","de la Visitation","2022 rue de la Visitation",,,"Montréal","H2L 3C7","http://ville.montreal.qc.ca/portal/page?_pageid=7317,78807768&_dad=portal&_schema=PORTAL","514 522-2280",,"45.522413","-73.562243"
73,66023,"REM19","Sports et loisirs","Centres communautaires et de loisirs","Oxy-jeunes",2020,"rue","de la Visitation","2020 rue de la Visitation",,,"Montréal","H2L 3C7","http://www.oxy-jeunes.com/","514 828-5297",,"45.522311","-73.562160"
71,66023,"REM19","Sports et loisirs","Centres communautaires et de loisirs","La Relance Jeunes et Familles",2700,"rue","de Rouen","2700 rue de Rouen",,,"Montréal","H2K 1N1","http://www.relance.org/","514 525-1508",,"45.535899","-73.554495"
58,66023,"REM19","Sports et loisirs","Centres communautaires et de loisirs","Carrefour Saint-Eusèbe de Montréal",2349,"rue","de Rouen","2349 rue de Rouen",,,"Montréal","H2K 1L8","http://ville.montreal.qc.ca/portal/page?_pageid=7317,78921580&_dad=portal&_schema=PORTAL","514 525-5212",,"45.532586","-73.558273"
39,66023,"REM19","Santé et sécurité publique","Casernes de pompiers","Caserne 25",1212,"rue","Drummond","1212 rue Drummond",,,"Montréal","H3G 1V7","http://ville.montreal.qc.ca/portal/page?_pageid=4677,10167591&_dad=portal&_schema=PORTAL",911,,"45.497910","-73.572988"
66,66023,"REM19","Sports et loisirs","Centres communautaires et de loisirs","Centre récréatif Poupart",1552,"rue","Dufresne","1552 rue Dufresne",,,"Montréal","H2K 3J5","http://www.crpoupart.qc.ca/","514 524-7543",,"45.528932","-73.548758"
209,66023,"REM19","Sports et loisirs","Piscines intérieures","Piscine Quintal",1550,"rue","Dufresne","1550 rue Dufresne",,,"Montréal","H2K 3J5","http://ville.montreal.qc.ca/portal/page?_pageid=7317,78925591&_dad=portal&_schema=PORTAL","514 872-2864",,"45.528932","-73.548758"
72,66023,"REM19","Sports et loisirs","Centres communautaires et de loisirs","Maison des jeunes Quinka-Buzz",2102,"rue","Fullum","2102 rue Fullum",,,"Montréal","H2K 3N7","http://jeunessecentresud.org/html/quinkafiche.html","514 524-3008",,"45.531049","-73.556806"
23,66023,"REM19","Ressources","Droit et justice","Cour municipale de Montréal",775,"rue","Gosford","775 rue Gosford",,,"Montréal","H2Y 3B9","http://ville.montreal.qc.ca/portal/page?_pageid=5798,39687597&_dad=portal&_schema=PORTAL","514 872-2964",,"45.509339","-73.553437"
28,66023,"REM19","Ressources","Services municipaux","Cour municipale de Montréal",775,"rue","Gosford","775 rue Gosford",,,"Montréal","H2Y 3B9","http://ville.montreal.qc.ca/portal/page?_pageid=5798,39687597&_dad=portal&_schema=PORTAL","514 872-2964",,"45.509339","-73.553437"
46,66023,"REM19","Santé et sécurité publique","Postes de police de quartier","Service à la communauté – région Sud",980,"rue","Guy","980 rue Guy",,,"Montréal","H3H 2K3","http://www.spvm.qc.ca/fr/pdq/2_2_identifiezpdq.asp#services-a-la-communaute","514 280-0700",,"45.493082","-73.574206"
100,66023,"REM19","Sports et loisirs","Jardins aménagés","Jardin Sol vivant",1825,"rue","Labrecque","1825 rue Labrecque",,,"Montréal",,"http://www.sentierurbain.org/index.html","514 521-9292 ",,"45.519447","-73.563485"
47,66023,"REM19","Sports et loisirs","Aréna et patinoires","Aréna Camillien-Houde",1696,"rue","Montcalm","1696 rue Montcalm",,,"Montréal","H2L 3H4","http://ville.montreal.qc.ca/portal/page?_pageid=7317,78921590&_dad=portal&_schema=PORTAL#Ar%C3%A9na%20Camillien-Houde","514 872-3240",,"45.519851","-73.559698"
10,66023,"REM19","Arts et culture","Musées et galeries d'art","Château Ramezay – Musée et site historique de Montréal",280,"rue","Notre-Dame Est","280 rue Notre-Dame Est",,,"Montréal","H2Y 1C5","http://www.chateauramezay.qc.ca","514 861-3708",,"45.508754","-73.553188"
26,66023,"REM19","Ressources","Services municipaux","Bureau Accès Montréal (hôtel de ville de Montréal)",275,"rue","Notre-Dame Est","275 rue Notre-Dame Est","rez-de-chaussée",,"Montréal","H2Y 1C6","http://ville.montreal.qc.ca/portal/page?_pageid=7317,84222189&_dad=portal&_schema=PORTAL",311,,"45.516196","-73.559982"
32,66023,"REM19","Ressources","Services municipaux","Hôtel de ville de Montréal",275,"rue","Notre-Dame Est","275 rue Notre-Dame Est",,,"Montréal","H2Y 1C6","http://ville.montreal.qc.ca/portal/page?_pageid=5798,86299744&_dad=portal&_schema=PORTAL",311,,"45.509185","-73.553917"
65,66023,"REM19","Sports et loisirs","Centres communautaires et de loisirs","Centre Jean-Claude-Malépart",2633,"rue","Ontario Est","2633 rue Ontario Est",,,"Montréal","H2K 1W8","http://www.cjcm.ca/","514 521-6884",,"45.534003","-73.551985"
212,66023,"REM19","Sports et loisirs","Piscines intérieures","Piscine du centre Jean-Claude-Malépart",2633,"rue","Ontario Est","2633 rue Ontario Est",,,"Montréal","H2K 1X1","http://www.cjcm.ca/index.php?option=com_content&view=category&layout=blog&id=78&Itemid=95","514 521-6884",,"45.534003","-73.551985"
1,66023,"REM19","Arts et culture","Bibliothèques","Bibliothèque Frontenac",2550,"rue","Ontario Est","2550 rue Ontario Est",,,"Montréal","H2K 1W7","http://ville.montreal.qc.ca/portal/page?_pageid=7317,102116928&_dad=portal&_schema=PORTAL","514 872-7890",,"45.532862","-73.551817"
8,66023,"REM19","Arts et culture","Diffusion","Maison de la culture Frontenac",2550,"rue","Ontario Est","2550 rue Ontario Est",,,"Montréal","H2K 1W7","http://ville.montreal.qc.ca/portal/page?_pageid=7317,78869689&_dad=portal&_schema=PORTAL","514 872-7882",,"45.532850","-73.551818"
54,66023,"REM19","Sports et loisirs","Centres communautaires et de loisirs","À Contre-Courant",255,"rue","Ontario Est","255 rue Ontario Est",,,"Montréal","H2X 1X6","http://www.acontrecourant.qc.ca/","514 990-2582",,"45.514403","-73.566106"
211,66023,"REM19","Sports et loisirs","Piscines intérieures","Piscine du cégep du Vieux Montréal",255,"rue","Ontario Est","255 rue Ontario Est",,,"Montréal","H2X 1X6","http://ville.montreal.qc.ca/portal/page?_pageid=7317,78925591&_dad=portal&_schema=PORTAL","514 982-3457",,"45.514403","-73.566106"
69,66023,"REM19","Sports et loisirs","Centres communautaires et de loisirs","Famille pour l’entraide et l’éducation des jeunes adultes (FEEJAD)",200,"rue","Ontario Est","200 rue Ontario Est",,3003,"Montréal","H2X 1H3","http://www.feejad.ca/feejad/","514 840-9261",,"45.512960","-73.564684"
79,66023,"REM19","Sports et loisirs","Centres communautaires et de loisirs","Service des loisirs de Saint-Jacques de Montréal",200,"rue","Ontario Est","200 rue Ontario Est",,3004,"Montréal","H2X 1H3","http://ville.montreal.qc.ca/portal/page?_pageid=7317,78917604&_dad=portal&_schema=PORTAL","514 872-8207",,"45.512960","-73.564684"
55,66023,"REM19","Sports et loisirs","Centres communautaires et de loisirs","Action centre-ville",105,"rue","Ontario Est","105 rue Ontario Est",,201,"Montréal","H2X 1G9","http://www.acv-montreal.com/","514 878-0847",,"45.512399","-73.566607"
63,66023,"REM19","Sports et loisirs","Centres communautaires et de loisirs","Centre communautaire du Faubourg Saint-Laurent ",105,"rue","Ontario Est","105 rue Ontario Est",,101,"Montréal","H2X 1G9",,"514 842-1600",,"45.512374","-73.566607"
35,66023,"REM19","Santé et sécurité publique","Casernes de pompiers","Caserne 5",75,"rue","Ontario Est","75 rue Ontario Est",,,"Montréal","H2X 1G9","http://ville.montreal.qc.ca/portal/page?_pageid=4677,10167591&_dad=portal&_schema=PORTAL",911,,"45.512166","-73.566832"
67,66023,"REM19","Sports et loisirs","Centres communautaires et de loisirs","Centre St-Pierre",1212,"rue","Panet","1212 rue Panet",,,"Montréal","H2L 2Y7","http://www.centrestpierre.org/","514 524-3561",,"45.519137","-73.553359"
30,66023,"REM19","Ressources","Services municipaux","Éco-quartier de Sainte-Marie",2151,"rue","Parthenais","2151 rue Parthenais",,,"Montréal","H2K 3T3","http://www.eco-quartiersm.ca/","514 523-9220",,"45.530480","-73.558142"
75,66023,"REM19","Sports et loisirs","Centres communautaires et de loisirs","Projet TRIP",2000,"rue","Parthenais","2000 rue Parthenais",,2520,"Montréal","H2K 3S9","http://www.projet-trip.org/","514 596-5711",7718,"45.529595","-73.556954"
3,66023,"REM19","Arts et culture","Bibliothèques","Bibliothèque des jeunes de Montréal",1410,"rue","Pierce","1410 rue Pierce",,,"Montréal","H3H 2K2","http://www.mcl-bjm.ca/","514 931-2304",,"45.494542","-73.578759"
70,66023,"REM19","Sports et loisirs","Centres communautaires et de loisirs","Innovation Jeunes",1410,"rue","Pierce","1410 rue Pierce",,,"Montréal","H3H 2K2","http://www.innovationjeunes.ca/","514 843-3996",,"45.494528","-73.578916"
61,66023,"REM19","Sports et loisirs","Centres communautaires et de loisirs","Centre communautaires des gais et lesbiennes de Montréal",2075,"rue","Plessis","2075 rue Plessis",,110,"Montréal","H2L 2Y4","http://www.ccglm.org/","514 528-8424",,"45.524241","-73.561931"
98,66023,"REM19","Sports et loisirs","Jardins aménagés","Jardin Cultures amérindiennes",1850,"rue","Saint-André","1850 rue Saint-André",,,"Montréal",,"http://www.sentierurbain.org/index.html","514 521-9292 ",,"45.518551","-73.563135"
97,66023,"REM19","Sports et loisirs","Jardins aménagés","Jardin Boisé d'ici et d'ailleurs",1020,"rue","Saint-André","1020 rue Saint-André",,,"Montréal",,"http://www.sentierurbain.org/index.html","514 521-9292 ",,"45.514710","-73.553921"
42,66023,"REM19","Santé et sécurité publique","Postes de police de quartier","Poste de quartier 20",1432,"rue","Sainte-Catherine Ouest","1432 rue Sainte-Catherine Ouest",,,"Montréal","H3G 1R3","http://www.spvm.qc.ca/fr/pdq20/","514 280-0120",,"45.496250","-73.576636"
43,66023,"REM19","Santé et sécurité publique","Postes de police de quartier","Poste de quartier 21",1180,"rue","Sainte-Élizabeth","1180 rue Sainte-Élizabeth",,,"Montréal","H2X 3C4","http://www.spvm.qc.ca/fr/pdq21/","514 280-0121",,"45.511283","-73.559896"
29,66023,"REM19","Ressources","Services municipaux","Éco-quartier de Peter-McGill",1240,"rue","Saint-Marc","1240 rue Saint-Marc",,,"Montréal","H3H 2E5","http://www.eco-quartierpm.org/","514 933-1069",,"45.492170","-73.579524"
36,66023,"REM19","Santé et sécurité publique","Casernes de pompiers","Caserne 10",1445,"rue","Saint-Mathieu","1445 rue Saint-Mathieu",,,"Montréal","H3H 2M4","http://ville.montreal.qc.ca/portal/page?_pageid=4677,10167591&_dad=portal&_schema=PORTAL",911,,"45.494551","-73.580258"
45,66023,"REM19","Santé et sécurité publique","Postes de police de quartier","Quartier général du SPVM",1441,"rue","Saint-Urbain","1441 rue Saint-Urbain",,,"Montréal","H2X 2M6","http://www.spvm.qc.ca/fr/",,,"45.509321","-73.565588"
38,66023,"REM19","Santé et sécurité publique","Casernes de pompiers","Caserne 20",920,"rue","Saint-Urbain","920 rue Saint-Urbain",,,"Montréal","H2Z 1K4","http://ville.montreal.qc.ca/portal/page?_pageid=4677,10167591&_dad=portal&_schema=PORTAL",911,,"45.506071","-73.559252"
7,66023,"REM19","Arts et culture","Diffusion","Chapelle historique du Bon-Pasteur",100,"rue","Sherbrooke Est","100 rue Sherbrooke Est",,,"Montréal","H2X 1C3","http://ville.montreal.qc.ca/portal/page?_pageid=6917,68915592&_dad=portal&_schema=PORTAL","514 872-5338",,"45.513352","-73.568604"
81,66023,"REM19","Sports et loisirs","Centres communautaires et de loisirs","YMCA Centre-Ville",1440,"rue","Stanley","1440 rue Stanley",,,"Montréal","H3A 1P7","http://www.yquebec.org/fr/centre/survol/centre-y-centre-ville/1/","514 849-8393",,"45.499717","-73.574663"
214,66023,"REM19","Sports et loisirs","Piscines intérieures","Piscine du YMCA Centre-Ville",1440,"rue","Stanley","1440 rue Stanley",,,"Montréal","H3A 1P7","http://www.ymcaquebec.org/fr/centre/installations/centre-y-centre-ville/1/","514 849-8393",,"45.499717","-73.574663"
130,66023,"REM19","Sports et loisirs","Parcs","Parc des Royaux",,,,"avenue De Lorimier et rue de Rouen",,,"Montréal",,"http://ville.montreal.qc.ca/portal/page?_pageid=7317,78925669&_dad=portal&_schema=PORTAL",311,,"45.529756","-73.559369"
201,66023,"REM19","Sports et loisirs","Pataugeoires et jeux d'eau","Parc des Royaux",,,,"avenue De Lorimier et rue de Rouen",,,"Montréal",,"http://ville.montreal.qc.ca/portal/page?_pageid=7317,78925591&_dad=portal&_schema=PORTAL",311,,"45.529756","-73.559369"
129,66023,"REM19","Sports et loisirs","Parcs","Parc des Pompiers",,,,"avenue De Lorimier et rue Dubuc",,,"Montréal",,"http://ville.montreal.qc.ca/portal/page?_pageid=7317,78925669&_dad=portal&_schema=PORTAL",311,,"45.528106","-73.558376"
126,66023,"REM19","Sports et loisirs","Parcs","Parc des Faubourgs",,,,"avenue De Lorimier et rue Ontario Est",,,"Montréal",,"http://ville.montreal.qc.ca/portal/page?_pageid=7317,78925669&_dad=portal&_schema=PORTAL",311,,"45.527085","-73.556992"
152,66023,"REM19","Sports et loisirs","Parcs","Parc Pierre-Dupuy",,,,"avenue De Lorimier et rue Ontario Est",,,"Montréal",,"http://ville.montreal.qc.ca/portal/page?_pageid=7317,78925669&_dad=portal&_schema=PORTAL",311,,"45.528723","-73.558171"
177,66023,"REM19","Sports et loisirs","Parcs","Place des Royaux",,,,"avenue De Lorimier et rue Ontario Est",,,"Montréal",,"http://ville.montreal.qc.ca/portal/page?_pageid=7317,78925669&_dad=portal&_schema=PORTAL",311,,"45.528257","-73.557426"
199,66023,"REM19","Sports et loisirs","Pataugeoires et jeux d'eau","Parc des Faubourgs",,,,"avenue De Lorimier et rue Ontario Est",,,"Montréal",,"http://ville.montreal.qc.ca/portal/page?_pageid=7317,78925591&_dad=portal&_schema=PORTAL",311,,"45.527085","-73.556992"
128,66023,"REM19","Sports et loisirs","Parcs","Parc des Pins/Redpath-Crescent",,,,"avenue des Pins Ouest et Redpath Crescent",,,"Montréal",,"http://ville.montreal.qc.ca/portal/page?_pageid=7317,78925669&_dad=portal&_schema=PORTAL",311,,"45.501956","-73.584516"
150,66023,"REM19","Sports et loisirs","Parcs","Parc Percy-Walters",,,,"avenue du Docteur-Penfield et rue McGregor",,,"Montréal",,"http://ville.montreal.qc.ca/portal/page?_pageid=7317,78925669&_dad=portal&_schema=PORTAL",311,,"45.499470","-73.584828"
171,66023,"REM19","Sports et loisirs","Parcs","Place de l’Amérique-Latine",,,,"avenue du Parc et chemin de la Côte-Sainte-Catherine",,,"Montréal",,"http://ville.montreal.qc.ca/portal/page?_pageid=7317,78925669&_dad=portal&_schema=PORTAL",311,,"45.516392","-73.589258"
191,66023,"REM19","Sports et loisirs","Parcs","Promenade des Artistes",,,,"avenue du Président-Kennedy entre Jeanne-Mance et Saint-Urbain ",,,"Montréal",,"http://ville.montreal.qc.ca/portal/page?_pageid=7317,78925669&_dad=portal&_schema=PORTAL",311,,"45.509018","-73.567944"
49,66023,"REM19","Sports et loisirs","Aréna et patinoires","Patinoire des Vétérans",,,,"avenue Papineau et rue Logan",,,"Montréal",,"http://ville.montreal.qc.ca/portal/page?_pageid=5798,94909650&_dad=portal&_schema=PORTAL#vma",311,,"45.524290","-73.555592"
131,66023,"REM19","Sports et loisirs","Parcs","Parc des Vétérans",,,,"avenue Papineau et rue Logan",,,"Montréal",,"http://ville.montreal.qc.ca/portal/page?_pageid=7317,78925669&_dad=portal&_schema=PORTAL",311,,"45.524290","-73.555592"
202,66023,"REM19","Sports et loisirs","Pataugeoires et jeux d'eau","Parc des Vétérans",,,,"avenue Papineau et rue Logan",,,"Montréal",,"http://ville.montreal.qc.ca/portal/page?_pageid=7317,78925591&_dad=portal&_schema=PORTAL",311,,"45.524290","-73.555592"
123,66023,"REM19","Sports et loisirs","Parcs","Parc de la Cité-du-Havre",,,,"avenue Pierre-Dupuy et pont de la Concorde",,,"Montréal",,"http://ville.montreal.qc.ca/portal/page?_pageid=7317,78925669&_dad=portal&_schema=PORTAL",311,,"45.505832","-73.543238"
163,66023,"REM19","Sports et loisirs","Parcs","Parc Thérèse-Casgrain",,,,"avenues des Pins Ouest et Cedar",,,"Montréal",,"http://ville.montreal.qc.ca/portal/page?_pageid=7317,78925669&_dad=portal&_schema=PORTAL",311,,"45.499805","-73.585954"
53,66023,"REM19","Sports et loisirs","Aréna et patinoires","Patinoire des Quais du Vieux-Port",,,,"Bassin Bonsecours (Vieux-Port de Montréal)",,,"Montréal",,"http://www.vieuxportdemontreal.com/la-patinoire-des-quais.html","514 496-7678",,"45.508475","-73.548177"
51,66023,"REM19","Sports et loisirs","Aréna et patinoires","Patinoire Toussaint-Louverture",,,,"boulevard De Maisonneuve Est entre Saint-Dominique et Sanguinet",,,"Montréal",,"http://ville.montreal.qc.ca/portal/page?_pageid=5798,94909650&_dad=portal&_schema=PORTAL#vma",311,,"45.512294","-73.564368"
88,66023,"REM19","Sports et loisirs","Jardins communautaires","Jardin communautaire Habitations Jeanne-Mance",,,,"boulevard De Maisonneuve Est entre Saint-Dominique et Sanguinet",,,"Montréal",,"http://ville.montreal.qc.ca/portal/page?_pageid=7317,78989577&_dad=portal&_schema=PORTAL","514 868-4144",,"45.512755","-73.564024"
164,66023,"REM19","Sports et loisirs","Parcs","Parc Toussaint-Louverture",,,,"boulevard De Maisonneuve Est entre Saint-Dominique et Sanguinet",,,"Montréal",,"http://ville.montreal.qc.ca/portal/page?_pageid=7317,78925669&_dad=portal&_schema=PORTAL",311,,"45.512294","-73.564368"
207,66023,"REM19","Sports et loisirs","Pataugeoires et jeux d'eau","Parc Toussaint-Louverture",,,,"boulevard De Maisonneuve Est entre Saint-Dominique et Sanguinet",,,"Montréal",,"http://ville.montreal.qc.ca/portal/page?_pageid=7317,78925591&_dad=portal&_schema=PORTAL",311,,"45.512294","-73.564368"
161,66023,"REM19","Sports et loisirs","Parcs","Parc Skateplaza ",,,,"boulevard De Maisonneuve Est et avenue De Lorimier",,,"Montréal",,"http://ville.montreal.qc.ca/portal/page?_pageid=7317,78925669&_dad=portal&_schema=PORTAL",311,,"45.525141","-73.551723"
149,66023,"REM19","Sports et loisirs","Parcs","Parc Olivier-Robert",,,,"boulevard De Maisonneuve Est et rue Fullum",,,"Montréal",,"http://ville.montreal.qc.ca/portal/page?_pageid=7317,78925669&_dad=portal&_schema=PORTAL",311,,"45.528287","-73.549683"
205,66023,"REM19","Sports et loisirs","Pataugeoires et jeux d'eau","Parc Olivier-Robert",,,,"boulevard De Maisonneuve Est et rue Fullum",,,"Montréal",,"http://ville.montreal.qc.ca/portal/page?_pageid=7317,78925591&_dad=portal&_schema=PORTAL",311,,"45.528287","-73.549683"
186,66023,"REM19","Sports et loisirs","Parcs","Place Norman-Bethune",,,,"boulevard De Maisonneuve Ouest et rue Guy",,,"Montréal",,"http://ville.montreal.qc.ca/portal/page?_pageid=7317,78925669&_dad=portal&_schema=PORTAL",311,,"45.495928","-73.579449"
109,66023,"REM19","Sports et loisirs","Parcs","Le Parterre du Quartier des spectacles",,,,"boulevard De Maisonneuve Ouest et rue Saint-Urbain",,,"Montréal",,"http://ville.montreal.qc.ca/portal/page?_pageid=7317,78925669&_dad=portal&_schema=PORTAL",311,,"45.510174","-73.566733"
179,66023,"REM19","Sports et loisirs","Parcs","Place du Frère-André",,,,"boulevard René-Lévesque Ouest et place du Frère-André",,,"Montréal",,"http://ville.montreal.qc.ca/portal/page?_pageid=7317,78925669&_dad=portal&_schema=PORTAL",311,,"45.503221","-73.566658"
106,66023,"REM19","Sports et loisirs","Parcs","Esplanade Ernest-Cormier",,,,"boulevard René-Lévesque Ouest et rue du Fort",,,"Montréal",,"http://ville.montreal.qc.ca/portal/page?_pageid=7317,78925669&_dad=portal&_schema=PORTAL",311,,"45.490500","-73.577761"
138,66023,"REM19","Sports et loisirs","Parcs","Parc Hector-Toe-Blake",,,,"boulevard René-Lévesque Ouest et rue du Sussex",,,"Montréal",,"http://ville.montreal.qc.ca/portal/page?_pageid=7317,78925669&_dad=portal&_schema=PORTAL",311,,"45.489464","-73.580899"
178,66023,"REM19","Sports et loisirs","Parcs","Place du Canada",,,,"boulevard René-Lévesque Ouest et rue Peel",,,"Montréal",,"http://ville.montreal.qc.ca/portal/page?_pageid=7317,78925669&_dad=portal&_schema=PORTAL",311,,"45.498579","-73.569067"
195,66023,"REM19","Sports et loisirs","Parcs","Square Dorchester",,,,"boulevard René-Lévesque Ouest et rue Peel",,,"Montréal",,"http://ville.montreal.qc.ca/portal/page?_pageid=7317,78925669&_dad=portal&_schema=PORTAL",311,,"45.499555","-73.570819"
173,66023,"REM19","Sports et loisirs","Parcs","Place de la Paix",,,,"boulevard Saint-Laurent et rue de la place du Marché",,,"Montréal",,"http://ville.montreal.qc.ca/portal/page?_pageid=7317,78925669&_dad=portal&_schema=PORTAL",311,,"45.509463","-73.562139"
198,66023,"REM19","Sports et loisirs","Parcs","Square Viger",,,,"entre les rues Saint-Denis, Saint-André et Saint-Antoine Est et l'avenue Viger Est",,,"Montréal",,"http://ville.montreal.qc.ca/portal/page?_pageid=7317,78925669&_dad=portal&_schema=PORTAL",311,,"45.512849","-73.554313"
101,66023,"REM19","Sports et loisirs","Jardins aménagés","Quartier 21",,,,"entre les rues Sainte-Catherine Ouest, Saint-Mathieu, Saint-Marc et le boulevard De Maisonneuve Est",,,"Montréal",,"http://www.eco-quartierpm.org/quartier21.html","514 934-0505",,"45.494561","-73.580550"
140,66023,"REM19","Sports et loisirs","Parcs","Parc Jean-Drapeau",,,,"îles Saint-Hélène et Notre-Dame",,,"Montréal",,"http://ville.montreal.qc.ca/portal/page?_pageid=7317,78925669&_dad=portal&_schema=PORTAL",311,,"45.507657","-73.533931"
12,66023,"REM19","Lieux et bâtiments d'intérêt","Lieux récréatifs ","Bassin olympique",,,,"Parc Jean-Drapeau",,,"Montréal",,"http://www.parcjeandrapeau.com/attractions/bassin-olympique/","514 872-6120",,"45.513309","-73.525261"
13,66023,"REM19","Lieux et bâtiments d'intérêt","Lieux récréatifs","Circuit Gilles-Villeneuve",,,,"Parc Jean-Drapeau",,,"Montréal",,"http://www.parcjeandrapeau.com/attractions/circuit-gilles-villeneuve/","515 872-6120",,"45.507490","-73.524488"
108,66023,"REM19","Sports et loisirs","Parcs","Jardins des Floralies",,,,"parc Jean-Drapeau",,,"Montréal",,"http://ville.montreal.qc.ca/portal/page?_pageid=7317,78925669&_dad=portal&_schema=PORTAL",311,,"45.505860","-73.527995"
167,66023,"REM19","Sports et loisirs","Parcs","Parterre de l’île Notre-Dame",,,,"parc Jean-Drapeau",,,"Montréal",,"http://ville.montreal.qc.ca/portal/page?_pageid=7317,78925669&_dad=portal&_schema=PORTAL",311,,"45.510230","-73.526761"
168,66023,"REM19","Sports et loisirs","Parcs","Parterre de l’île Sainte-Hélène",,,,"parc Jean-Drapeau",,,"Montréal",,"http://ville.montreal.qc.ca/portal/page?_pageid=7317,78925669&_dad=portal&_schema=PORTAL",311,,"45.510625","-73.535301"
175,66023,"REM19","Sports et loisirs","Parcs","Place des Nations",,,,"parc Jean-Drapeau",,,"Montréal",,"http://ville.montreal.qc.ca/portal/page?_pageid=7317,78925669&_dad=portal&_schema=PORTAL",311,,"45.507240","-73.533767"
190,66023,"REM19","Sports et loisirs","Parcs","Plaine des jeux",,,,"parc Jean-Drapeau",,,"Montréal",,"http://ville.montreal.qc.ca/portal/page?_pageid=7317,78925669&_dad=portal&_schema=PORTAL",311,,"45.515942","-73.536637"
208,66023,"REM19","Sports et loisirs","Piscine extérieure","Complexe aquatique du parc Jean-Drapeau",,,,"parc Jean-Drapeau",,,"Montréal",,"http://www.parcjeandrapeau.com/attractions/complexe-aquatique/","514 872-2323 ",,"45.512858","-73.534546"
216,66023,"REM19","Sports et loisirs","Plages","Plage du parc Jean-Drapeau",,,,"parc Jean-Drapeau",,,"Montréal",,"http://www.parcjeandrapeau.com/attractions/plage/","514 872-6120",,"45.498395","-73.524134"
172,66023,"REM19","Sports et loisirs","Parcs","Place de la Grande-Paix-de-Montréal",,,,"place D'Youville et rue de Callière",,,"Montréal",,"http://ville.montreal.qc.ca/portal/page?_pageid=7317,78925669&_dad=portal&_schema=PORTAL",311,,"45.502136","-73.554781"
85,66023,"REM19","Sports et loisirs","Jardins communautaires","Jardin communautaire Des 50 citoyens",,,,"rue Alexandre-DeSève au nord de La Fontaine",,,"Montréal",,"http://ville.montreal.qc.ca/portal/page?_pageid=7317,78989577&_dad=portal&_schema=PORTAL","514 868-4144",,"45.523214","-73.558958"
112,66023,"REM19","Sports et loisirs","Parcs","P.A.Q. 37",,,,"rue Alexandre-DeSève au nord de La Fontaine",,,"Montréal",,"http://ville.montreal.qc.ca/portal/page?_pageid=7317,78925669&_dad=portal&_schema=PORTAL",311,,"45.523646","-73.558413"
111,66023,"REM19","Sports et loisirs","Parcs","P.A.Q. 27",,,,"rue Alexandre-DeSève au nord de Logan",,,"Montréal",,"http://ville.montreal.qc.ca/portal/page?_pageid=7317,78925669&_dad=portal&_schema=PORTAL",311,,"45.522608","-73.557152"
151,66023,"REM19","Sports et loisirs","Parcs","Parc Persillier-Lachapelle",,,,"rue Alexandre-DeSève au nord d'Ontario Est",,,"Montréal",,"http://ville.montreal.qc.ca/portal/page?_pageid=7317,78925669&_dad=portal&_schema=PORTAL",311,,"45.524506","-73.562118"
206,66023,"REM19","Sports et loisirs","Pataugeoires et jeux d'eau","Parc Persillier-Lachapelle",,,,"rue Alexandre-DeSève au nord d'Ontario Est",,,"Montréal",,"http://ville.montreal.qc.ca/portal/page?_pageid=7317,78925591&_dad=portal&_schema=PORTAL",311,,"45.524506","-73.562118"
127,66023,"REM19","Sports et loisirs","Parcs","Parc des Joyeux-Vikings",,,,"rue Beaudry au nord de Robin",,,"Montréal",,"http://ville.montreal.qc.ca/portal/page?_pageid=7317,78925669&_dad=portal&_schema=PORTAL",311,,"45.521082","-73.559736"
200,66023,"REM19","Sports et loisirs","Pataugeoires et jeux d'eau","Parc des Joyeux-Vikings",,,,"rue Beaudry au nord de Robin",,,"Montréal",,"http://ville.montreal.qc.ca/portal/page?_pageid=7317,78925591&_dad=portal&_schema=PORTAL",311,,"45.521082","-73.559736"
120,66023,"REM19","Sports et loisirs","Parcs","Parc Coupal",,,,"rue Coupal entre Dufresne et Fullum",,,"Montréal",,"http://ville.montreal.qc.ca/portal/page?_pageid=7317,78925669&_dad=portal&_schema=PORTAL",311,,"45.530643","-73.553622"
183,66023,"REM19","Sports et loisirs","Parcs","Place Jean-Paul-Riopelle",,,,"rue De Bleury et avenue Viger Ouest",,,"Montréal",,"http://ville.montreal.qc.ca/portal/page?_pageid=7317,78925669&_dad=portal&_schema=PORTAL",311,,"45.503381","-73.561100"
22,66023,"REM19","Lieux et bâtiments d'intérêt","Lieux récréatifs","Vieux-Port de Montréal",,,,"rue de la Commune entre Saint-Hubert et Mills",,,"Montréal",,"http://www.vieuxportdemontreal.com/accueil.html","514 496-7678",,"45.50696","-73.550983"
188,66023,"REM19","Sports et loisirs","Parcs","Place Royale",,,,"rue de la Commune Ouest et place Royale",,,"Montréal",,"http://ville.montreal.qc.ca/portal/page?_pageid=7317,78925669&_dad=portal&_schema=PORTAL",311,,"45.503251","-73.554294"
104,66023,"REM19","Sports et loisirs","Parcs","Espace Faubourg Québec",,,,"rue du Glacis et rue Saint-Christophe",,,"Montréal",,"http://ville.montreal.qc.ca/portal/page?_pageid=7317,78925669&_dad=portal&_schema=PORTAL",311,,"45.512970","-73.551017"
197,66023,"REM19","Sports et loisirs","Parcs","Square Victoria",,,,"rue du Square-Victoria entre Saint-Jacques et Viger Ouest",,,"Montréal",,"http://ville.montreal.qc.ca/portal/page?_pageid=7317,78925669&_dad=portal&_schema=PORTAL",311,,"45.501427","-73.561399"
174,66023,"REM19","Sports et loisirs","Parcs","Place des Festivals",,,,"rue Jeanne-Mance entre Sainte-Catherine Ouest et De Maisonneuve Ouest",,,"Montréal",,"http://ville.montreal.qc.ca/portal/page?_pageid=7317,78925669&_dad=portal&_schema=PORTAL",311,,"45.507429","-73.567327"
124,66023,"REM19","Sports et loisirs","Parcs","Parc de la Fabrique",,,,"rue La Fontaine entre de la Visitation et Panet",,,"Montréal",,"http://ville.montreal.qc.ca/portal/page?_pageid=7317,78925669&_dad=portal&_schema=PORTAL",311,,"45.521879","-73.559802"
91,66023,"REM19","Sports et loisirs","Jardins communautaires","Jardin communautaire Saint-André",,,,"rue Labrecque au nord d'Ontario Est",,,"Montréal",,"http://ville.montreal.qc.ca/portal/page?_pageid=7317,78989577&_dad=portal&_schema=PORTAL","514 868-4144",,"45.519674","-73.564247"
144,66023,"REM19","Sports et loisirs","Parcs","Parc Magnan",,,,"rue Magnan entre Dufresne et Fullum",,,"Montréal",,"http://ville.montreal.qc.ca/portal/page?_pageid=7317,78925669&_dad=portal&_schema=PORTAL",311,,"45.530305","-73.552761"
156,66023,"REM19","Sports et loisirs","Parcs","Parc Rutherford",,,,"rue McTavish entre des Pins Ouest et du Docteur-Penfield",,,"Montréal",,"http://ville.montreal.qc.ca/portal/page?_pageid=7317,78925669&_dad=portal&_schema=PORTAL",311,,"45.505912","-73.580177"
146,66023,"REM19","Sports et loisirs","Parcs","Parc Marthe-Thiéry",,,,"rue Montcalm au nord de Robin",,,"Montréal",,"http://ville.montreal.qc.ca/portal/page?_pageid=7317,78925669&_dad=portal&_schema=PORTAL",311,,"45.520376","-73.560451"
165,66023,"REM19","Sports et loisirs","Parcs","Parc Victor-T.-Daubigny",,,,"rue Montcalm au nord d'Ontario Est",,,"Montréal",,"http://ville.montreal.qc.ca/portal/page?_pageid=7317,78925669&_dad=portal&_schema=PORTAL",311,,"45.520985","-73.563088"
134,66023,"REM19","Sports et loisirs","Parcs","Parc Félix-Antoine-Savard",,,,"rue Montcalm au sud de Sherbrooke Est",,,"Montréal",,"http://ville.montreal.qc.ca/portal/page?_pageid=7317,78925669&_dad=portal&_schema=PORTAL",311,,"45.522029","-73.564685"
139,66023,"REM19","Sports et loisirs","Parcs","Parc Jean-Charbonneau",,,,"rue Montcalm au sud d'Ontario Est",,,"Montréal",,"http://ville.montreal.qc.ca/portal/page?_pageid=7317,78925669&_dad=portal&_schema=PORTAL",311,,"45.520808","-73.561391"
185,66023,"REM19","Sports et loisirs","Parcs","Place Marguerite-Bourgeoys",,,,"rue Notre-Dame Est à l'ouest de la place Jacques-Cartier",,,"Montréal",,"http://ville.montreal.qc.ca/portal/page?_pageid=7317,78925669&_dad=portal&_schema=PORTAL",311,,"45.507945","-73.554529"
114,66023,"REM19","Sports et loisirs","Parcs","Parc Bellerive",,,,"rue Notre-Dame Est entre Fullum et D'Iberville",,,"Montréal",,"http://ville.montreal.qc.ca/portal/page?_pageid=7317,78925669&_dad=portal&_schema=PORTAL",311,,"45.527265","-73.544540"
176,66023,"REM19","Sports et loisirs","Parcs","Place des Patriotes",,,,"rue Notre-Dame Est et avenue De Lorimier",,,"Montréal",,"http://ville.montreal.qc.ca/portal/page?_pageid=7317,78925669&_dad=portal&_schema=PORTAL",311,,"45.523698","-73.546107"
189,66023,"REM19","Sports et loisirs","Parcs","Place Vauquelin",,,,"rue Notre-Dame Est face à la place Jacques-Cartier",,,"Montréal",,"http://ville.montreal.qc.ca/portal/page?_pageid=7317,78925669&_dad=portal&_schema=PORTAL",311,,"45.508339","-73.554137"
169,66023,"REM19","Sports et loisirs","Parcs","Place De La Dauversière",,,,"rue Notre-Dame Est face à l'hôtel de ville de Montréal",,,"Montréal",,"http://ville.montreal.qc.ca/portal/page?_pageid=7317,78925669&_dad=portal&_schema=PORTAL",311,,"45.508430","-73.553633"
148,66023,"REM19","Sports et loisirs","Parcs","Parc Monseigneur-Lartigue",,,,"rue Panet au sud de Sherbrooke Est",,,"Montréal",,"http://ville.montreal.qc.ca/portal/page?_pageid=7317,78925669&_dad=portal&_schema=PORTAL",311,,"45.524037","-73.563863"
110,66023,"REM19","Sports et loisirs","Parcs","P.A.Q. 19",,,,"rue Plessis entre Logan et De Maisonneuve Est",,,"Montréal",,"http://ville.montreal.qc.ca/portal/page?_pageid=7317,78925669&_dad=portal&_schema=PORTAL",311,,"45.521684","-73.556519"
118,66023,"REM19","Sports et loisirs","Parcs","Parc Claude-Melançon",,,,"rue Saint-Christophe au nord d'Ontario Est",,,"Montréal",,"http://ville.montreal.qc.ca/portal/page?_pageid=7317,78925669&_dad=portal&_schema=PORTAL",311,,"45.518778","-73.565075"
119,66023,"REM19","Sports et loisirs","Parcs","Parc Colette-Devlin",,,,"rue Saint-Christophe au sud d'Ontario Est",,,"Montréal",,"http://ville.montreal.qc.ca/portal/page?_pageid=7317,78925669&_dad=portal&_schema=PORTAL",311,,"45.517726","-73.562758"
187,66023,"REM19","Sports et loisirs","Parcs","Place Pasteur",,,,"rue Saint-Denis entre De Maisonneuve Est et Sainte-Catherine Est",,,"Montréal",,"http://ville.montreal.qc.ca/portal/page?_pageid=7317,78925669&_dad=portal&_schema=PORTAL",311,,"45.513903","-73.561217"
86,66023,"REM19","Sports et loisirs","Jardins communautaires","Jardin communautaire Faubourg Saint-Laurent",,,,"rue Saint-Dominique, entre De Maisonneuve Est et Ontario Est",,,"Montréal",,"http://ville.montreal.qc.ca/portal/page?_pageid=7317,78989577&_dad=portal&_schema=PORTAL","514 868-4144",,"45.511490","-73.565714"
121,66023,"REM19","Sports et loisirs","Parcs","Parc culturel d'Hydro-Québec",,,,"rue Sainte-Catherine Est entre Clark et Saint-Urbain",,,"Montréal",,"http://ville.montreal.qc.ca/portal/page?_pageid=7317,78925669&_dad=portal&_schema=PORTAL",311,,"45.509088","-73.564394"
193,66023,"REM19","Sports et loisirs","Parcs","Square Cabot",,,,"rue Sainte-Catherine Ouest et avenue Atwater",,,"Montréal",,"http://ville.montreal.qc.ca/portal/page?_pageid=7317,78925669&_dad=portal&_schema=PORTAL",311,,"45.489547","-73.583509"
194,66023,"REM19","Sports et loisirs","Parcs","Square Dalhousie",,,,"rue Saint-Hubert au sud de Notre-Dame Est",,,"Montréal",,"http://ville.montreal.qc.ca/portal/page?_pageid=7317,78925669&_dad=portal&_schema=PORTAL",311,,"45.512043","-73.551114"
143,66023,"REM19","Sports et loisirs","Parcs","Parc Judith-Jasmin",,,,"rue Saint-Thimothée au nord d'Ontario Est",,,"Montréal",,"http://ville.montreal.qc.ca/portal/page?_pageid=7317,78925669&_dad=portal&_schema=PORTAL",311,,"45.521684","-73.563386"
141,66023,"REM19","Sports et loisirs","Parcs","Parc Jean-Narrache",,,,"rue Saint-Thimothée au sud de Sherbrooke Est",,,"Montréal",,"http://ville.montreal.qc.ca/portal/page?_pageid=7317,78925669&_dad=portal&_schema=PORTAL",311,,"45.520528","-73.564916"
155,66023,"REM19","Sports et loisirs","Parcs","Parc Robert-Prévost",,,,"rue Saint-Thimothée entre Ontario Est et Robin",,,"Montréal",,"http://ville.montreal.qc.ca/portal/page?_pageid=7317,78925669&_dad=portal&_schema=PORTAL",311,,"45.518968","-73.562134"
92,66023,"REM19","Sports et loisirs","Jardins communautaires","Jardin communautaire Sainte-Catherine",,,,"rue Saint-Thimothée entre Robin et De Maisonneuve Est",,,"Montréal",,"http://ville.montreal.qc.ca/portal/page?_pageid=7317,78989577&_dad=portal&_schema=PORTAL","514 868-4144",,"45.518360","-73.560039"
145,66023,"REM19","Sports et loisirs","Parcs","Parc Marcelle-Barthe",,,,"rue Wolfe au nord de Robin",,,"Montréal",,"http://ville.montreal.qc.ca/portal/page?_pageid=7317,78925669&_dad=portal&_schema=PORTAL",311,,"45.520334","-73.561292"
203,66023,"REM19","Sports et loisirs","Pataugeoires et jeux d'eau","Parc Marcelle-Barthe",,,,"rue Wolfe au nord de Robin",,,"Montréal",,"http://ville.montreal.qc.ca/portal/page?_pageid=7317,78925591&_dad=portal&_schema=PORTAL",311,,"45.520334","-73.561292"
84,66023,"REM19","Sports et loisirs","Jardins communautaires","Jardin communautaire Centre-Sud",,,,"rues Alexandre-DeSève et La Fontaine",,,"Montréal",,"http://ville.montreal.qc.ca/portal/page?_pageid=7317,78989577&_dad=portal&_schema=PORTAL","514 868-4144",,"45.523323","-73.557794"
117,66023,"REM19","Sports et loisirs","Parcs","Parc Charles-S.-Campbell",,,,"rues Alexandre-DeSève et Sainte-Rose",,,"Montréal",,"http://ville.montreal.qc.ca/portal/page?_pageid=7317,78925669&_dad=portal&_schema=PORTAL",311,,"45.521212","-73.552648"
122,66023,"REM19","Sports et loisirs","Parcs","Parc de la Chasse-Galerie",,,,"rues Amherst et du Glacis",,,"Montréal",,"http://ville.montreal.qc.ca/portal/page?_pageid=7317,78925669&_dad=portal&_schema=PORTAL",311,,"45.514640","-73.550185"
115,66023,"REM19","Sports et loisirs","Parcs","Parc Berthier",,,,"rues Berthier et Visitation",,,"Montréal",,"http://ville.montreal.qc.ca/portal/page?_pageid=7317,78925669&_dad=portal&_schema=PORTAL",311,,"45.522961","-73.562278"
136,66023,"REM19","Sports et loisirs","Parcs","Parc François-Dollier-De Casson",,,,"rues Bonsecours et Saint-Louis",,,"Montréal",,"http://ville.montreal.qc.ca/portal/page?_pageid=7317,78925669&_dad=portal&_schema=PORTAL",311,,"45.511004","-73.553884"
162,66023,"REM19","Sports et loisirs","Parcs","Place Sun-Yat-Sen",,,,"rues Clark et De La Gauchetière Ouest",,,"Montréal",,"http://ville.montreal.qc.ca/portal/page?_pageid=7317,78925669&_dad=portal&_schema=PORTAL",311,,"45.507824","-73.560340"
135,66023,"REM19","Sports et loisirs","Parcs","Parc Fleury-Mesplet",,,,"rues de la Commune Est et Berri",,,"Montréal",,"http://ville.montreal.qc.ca/portal/page?_pageid=7317,78925669&_dad=portal&_schema=PORTAL",311,,"45.510779","-73.550334"
102,66023,"REM19","Sports et loisirs","Parcs","Belvédère du Chemin-Qui-Marche",,,,"rues de la Commune Est et Saint-André",,,"Montréal",,"http://ville.montreal.qc.ca/portal/page?_pageid=7317,78925669&_dad=portal&_schema=PORTAL",311,,"45.512909","-73.548975"
137,66023,"REM19","Sports et loisirs","Parcs","Parc Hector-Charland",,,,"rues de la Visitation et Logan",,,"Montréal",,"http://ville.montreal.qc.ca/portal/page?_pageid=7317,78925669&_dad=portal&_schema=PORTAL",311,,"45.520445","-73.558222"
147,66023,"REM19","Sports et loisirs","Parcs","Parc Médéric-Martin",,,,"rues de Rouen et du Havre",,,"Montréal",,"http://ville.montreal.qc.ca/portal/page?_pageid=7317,78925669&_dad=portal&_schema=PORTAL",311,,"45.534934","-73.555075"
204,66023,"REM19","Sports et loisirs","Pataugeoires et jeux d'eau","Parc Médéric-Martin",,,,"rues de Rouen et du Havre",,,"Montréal",,"http://ville.montreal.qc.ca/portal/page?_pageid=7317,78925591&_dad=portal&_schema=PORTAL",311,,"45.534934","-73.555075"
52,66023,"REM19","Sports et loisirs","Aréna et patinoires","Patinoire Walter-Stewart",,,,"rues D'Iberville et de Rouen",,,"Montréal",,"http://ville.montreal.qc.ca/portal/page?_pageid=5798,94909650&_dad=portal&_schema=PORTAL#vma",311,,"45.533059","-73.556338"
166,66023,"REM19","Sports et loisirs","Parcs","Parc Walter-Stewart",,,,"rues D'Iberville et Larivière",,,"Montréal",,"http://ville.montreal.qc.ca/portal/page?_pageid=7317,78925669&_dad=portal&_schema=PORTAL",311,,"45.533059","-73.556338"
93,66023,"REM19","Sports et loisirs","Jardins communautaires","Jardin communautaire Sainte-Marie",,,,"rues Dufresne et La Fontaine",,,"Montréal",,"http://ville.montreal.qc.ca/portal/page?_pageid=7317,78989577&_dad=portal&_schema=PORTAL","514 868-4144",,"45.529381","-73.551614"
157,66023,"REM19","Sports et loisirs","Parcs","Parc Sainte-Marie",,,,"rues Dufresne et La Fontaine",,,"Montréal",,"http://ville.montreal.qc.ca/portal/page?_pageid=7317,78925669&_dad=portal&_schema=PORTAL",311,,"45.529313","-73.551008"
94,66023,"REM19","Sports et loisirs","Jardins communautaires","Jardin communautaire Saint-Eusèbe",,,,"rues Dufresne et Larivière",,,"Montréal",,"http://ville.montreal.qc.ca/portal/page?_pageid=7317,78989577&_dad=portal&_schema=PORTAL","514 868-4144",,"45.532168","-73.556681"
153,66023,"REM19","Sports et loisirs","Parcs","Parc Pilote",,,,"rues Duke et Brennan",,,"Montréal",,"http://ville.montreal.qc.ca/portal/page?_pageid=7317,78925669&_dad=portal&_schema=PORTAL",311,,"45.495503","-73.554218"
142,66023,"REM19","Sports et loisirs","Parcs","Parc Jos-Montferrand",,,,"rues Frontenac et Sainte-Catherine Est",,,"Montréal",,"http://ville.montreal.qc.ca/portal/page?_pageid=7317,78925669&_dad=portal&_schema=PORTAL",311,,"45.530716","-73.546011"
103,66023,"REM19","Sports et loisirs","Parcs","Champ de Mars",,,,"rues Gosford et du Champ-de-Mars",,,"Montréal",,"http://ville.montreal.qc.ca/portal/page?_pageid=7317,78925669&_dad=portal&_schema=PORTAL",311,,"45.508713","-73.555412"
105,66023,"REM19","Sports et loisirs","Parcs","Espace Pierre-Bourgault",,,,"rues La Fontaine et Plessis",,,"Montréal",,"http://ville.montreal.qc.ca/portal/page?_pageid=7317,78925669&_dad=portal&_schema=PORTAL",311,,"45.523193","-73.559715"
192,66023,"REM19","Sports et loisirs","Parcs","Square des Frères-Charon",,,,"rues McGill et Wellington",,,"Montréal",,"http://ville.montreal.qc.ca/portal/page?_pageid=7317,78925669&_dad=portal&_schema=PORTAL",311,,"45.499216","-73.554662"
116,66023,"REM19","Sports et loisirs","Parcs","Parc Charles-Mayer",,,,"rues Montcalm et Ontario Est",,,"Montréal",,"http://ville.montreal.qc.ca/portal/page?_pageid=7317,78925669&_dad=portal&_schema=PORTAL",311,,"45.521120","-73.562085"
182,66023,"REM19","Sports et loisirs","Parcs","Place Jacques-Cartier",,,,"rues Notre-Dame Est et de la Commune Est",,,"Montréal",,"http://ville.montreal.qc.ca/portal/page?_pageid=7317,78925669&_dad=portal&_schema=PORTAL",311,,"45.507975","-73.553284"
170,66023,"REM19","Sports et loisirs","Parcs","Place d'Armes",,,,"rues Notre-Dame Est et Saint-Jacques",,,"Montréal",,"http://ville.montreal.qc.ca/portal/page?_pageid=7317,78925669&_dad=portal&_schema=PORTAL",311,,"45.504854","-73.557211"
89,66023,"REM19","Sports et loisirs","Jardins communautaires","Jardin communautaire Médéric-Martin",,,,"rues Ontario Est et de Rouen",,,"Montréal",,"http://ville.montreal.qc.ca/portal/page?_pageid=7317,78989577&_dad=portal&_schema=PORTAL","514 868-4144",,"45.534607","-73.554167"
184,66023,"REM19","Sports et loisirs","Parcs","Place Joseph-Venne",,,,"rues Ontario Est et Poupart",,,"Montréal",,"http://ville.montreal.qc.ca/portal/page?_pageid=7317,78925669&_dad=portal&_schema=PORTAL",311,,"45.531675","-73.553754"
90,66023,"REM19","Sports et loisirs","Jardins communautaires","Jardin communautaire Panet",,,,"rues Panet et La Fontaine",,,"Montréal",,"http://ville.montreal.qc.ca/portal/page?_pageid=7317,78989577&_dad=portal&_schema=PORTAL","514 868-4144",,"45.522686","-73.560387"
154,66023,"REM19","Sports et loisirs","Parcs","Parc Raymond-Blain",,,,"rues Panet et La Fontaine",,,"Montréal",,"http://ville.montreal.qc.ca/portal/page?_pageid=7317,78925669&_dad=portal&_schema=PORTAL",311,,"45.521497","-73.558797"
158,66023,"REM19","Sports et loisirs","Parcs","Parc Saint-Jacques",,,,"rues Saint-André et Robin",,,"Montréal",,"http://ville.montreal.qc.ca/portal/page?_pageid=7317,78925669&_dad=portal&_schema=PORTAL",311,,"45.517763","-73.561828"
180,66023,"REM19","Sports et loisirs","Parcs","Place Émilie-Gamelin",,,,"rues Sainte-Catherine Est et Berri",,,"Montréal",,"http://ville.montreal.qc.ca/portal/page?_pageid=7317,78925669&_dad=portal&_schema=PORTAL",311,,"45.515294","-73.559929"
125,66023,"REM19","Sports et loisirs","Parcs","Parc de l'Espoir",,,,"rues Sainte-Catherine Est et Panet",,,"Montréal",,"http://ville.montreal.qc.ca/portal/page?_pageid=7317,78925669&_dad=portal&_schema=PORTAL",311,,"45.519793","-73.554776"
113,66023,"REM19","Sports et loisirs","Parcs","Parc Amherst",,,,"rues Sainte-Catherine Est et Wolfe",,,"Montréal",,"http://ville.montreal.qc.ca/portal/page?_pageid=7317,78925669&_dad=portal&_schema=PORTAL",311,,"45.517718","-73.556774"
160,66023,"REM19","Sports et loisirs","Parcs","Parc Serge-Garant",,,,"rues Sainte-Catherine Ouest et Beaudry",,,"Montréal",,"http://ville.montreal.qc.ca/portal/page?_pageid=7317,78925669&_dad=portal&_schema=PORTAL",311,,"45.519075","-73.556152"
196,66023,"REM19","Sports et loisirs","Parcs","Square Phillips",,,,"rues Sainte-Catherine Ouest et du Square-Phillips",,,"Montréal",,"http://ville.montreal.qc.ca/portal/page?_pageid=7317,78925669&_dad=portal&_schema=PORTAL",311,,"45.503841","-73.568566"
87,66023,"REM19","Sports et loisirs","Jardins communautaires","Jardin communautaire Georges-Vanier",,,,"rues Saint-Jacques et Jean-D'Estrées",,,"Montréal",,"http://ville.montreal.qc.ca/portal/page?_pageid=7317,78989577&_dad=portal&_schema=PORTAL","514 868-4144",,"45.495323","-73.566334"
159,66023,"REM19","Sports et loisirs","Parcs","Parc Julia-Drummond",,,,"rues Saint-Jacques et Lucien-L'Allier",,,"Montréal",,"http://ville.montreal.qc.ca/portal/page?_pageid=7317,78925669&_dad=portal&_schema=PORTAL",311,,"45.493232","-73.567343"
181,66023,"REM19","Sports et loisirs","Parcs","Place Henri-Dunant",,,,"rues Tupper et Lambert-Closse",,,"Montréal",,"http://ville.montreal.qc.ca/portal/page?_pageid=7317,78925669&_dad=portal&_schema=PORTAL",311,,"45.489629","-73.582172"
95,66023,"REM19","Sports et loisirs","Jardins communautaires","Jardin communautaire Versailles",,,,"rues Versailles et Saint-Antoine Ouest",,,"Montréal",,"http://ville.montreal.qc.ca/portal/page?_pageid=7317,78989577&_dad=portal&_schema=PORTAL","514 868-4144",,"45.493848","-73.570164"
20,66023,"REM19","Lieux et bâtiments d'intérêt","Lieux récréatifs","Plage de l’Horloge",,,,"Vieux-Port de Montréal",,,"Montréal",,"http://www.vieuxportdemontreal.com/plage-de-lhorloge.html","514 496-7678",,"45.512572","-73.546118"
107,66023,"REM19","Sports et loisirs","Parcs","Jardin des Écluses",,,,"Vieux-Port de Montréal",,,"Montréal",,"http://ville.montreal.qc.ca/portal/page?_pageid=7317,78925669&_dad=portal&_schema=PORTAL",311,,"45.497186","-73.551657"
132,66023,"REM19","Sports et loisirs","Parcs","Parc du bassin Bonsecours",,,,"Vieux-Port de Montréal",,,"Montréal",,"http://ville.montreal.qc.ca/portal/page?_pageid=7317,78925669&_dad=portal&_schema=PORTAL",311,,"45.508501","-73.547116"
215,66023,"REM19","Sports et loisirs","Plages","Plage de l’Horloge",,,,"Vieux-Port de Montréal",,,"Montréal",,"http://www.vieuxportdemontreal.com/plage-de-lhorloge.html","514 496-7678",,"45.512579","-73.546228"
15,66023,"REM19","Lieux et bâtiments d'intérêt","Lieux récréatifs","Île Notre-Dame",,,,"Île Notre-Dame",,,"Montréal",,"http://www.parcjeandrapeau.com/","514 872-6120",,"45.508151","-73.526881"
16,66023,"REM19","Lieux et bâtiments d'intérêt","Lieux récréatifs","Île Sainte-Hélène",,,,"Île Sainte-Hélène",,,"Montréal",,"http://www.parcjeandrapeau.com/","514 872-6120",,"45.515580","-73.533661"
19,66023,"REM19","Lieux et bâtiments d'intérêt","Lieux récréatifs","Parc Jean-Drapeau",,,,"Parc Jean-Drapeau",,,"Montréal",,"http://www.parcjeandrapeau.com/","514 872-6120",,"45.508648","-73.532546"
4,66032,,"Arts et culture","Bibliothèques","Bibliothèque et centre d’informatique Atwater",1200,"avenue","Atwater","1200 avenue Atwater",,,"Westmount","H3Z 1X4","http://www.atwaterlibrary.ca","514 935-7344",,"45.488681","-73.584257"
41,66032,,"Santé et sécurité publique","Postes de police de quartier","Poste de quartier 12",21,"rue","Stanton","21 rue Stanton",,,"Westmount","H3Y 3B1","http://www.spvm.qc.ca/fr/pdq12/","514 280-0112",,"45.486354","-73.598683"
